Workbook

Sheet NAVOD
B2: Kriminalita v krajích ČR – podklad pro kartogram a kartodiagram
B4: NASTAVENÍ A ÚDAJE
B5: Typ kódu kraje pro join | C5: KOD_NUTS3
B6: Zvolený ukazatel TSK | C6: 511 – podvod (§ 209)
B7: Důvod výběru | C7: TSK s nejvyšším počtem registrovaných skutků v ČR (mimo souhrnné řádky)
B8: Období dat | C8: 1. 1. – 31. 12. 2025
B9: Celkem ČR – registrováno (list Česká republika) | C9: 18722
B11: KONTROLY
B12: Součet TSK za 14 krajů | C12: =SUM(KRAJE_TSK!C2:C15) -> 18722
B13: Rozdíl proti celku ČR (má být 0) | C13: =C9-C12 -> 0
B14: Součet PODIL_TSK (má být 100) | C14: =SUM(KRAJE_TSK!D2:D15) -> 100
B16: POUŽITÍ V GIS
B17: 1. V C5 zvolte typ kódu, který má vaše vrstva krajů (podívejte se do atributové tabulky); KOD_KRAJE se přepočítá.
B18: 2. Připojte list KRAJE_TSK k vrstvě krajů přes KOD_KRAJE. Datový typ musí sedět (text vs. číslo).
B19: 3. Kartogram = PODIL_TSK (relativní hodnota), kartodiagram = TSK (absolutní počet).
B20: 4. Význam všech zkrácených názvů polí je na listu POPIS_SLOUPCU (názvy mají max. 10 znaků kvůli shapefile).
B21: 5. List KRAJE_TSK nechte bez dalších řádků a poznámek – GIS čte celý list jako tabulku.
B23: Zdroj: Policie ČR – Statistické přehledy kriminality, soubor 2025_12_Prosinec_sest_01a.xlsx (sestava 01a, kumulativ za rok 2025), řádek TSK 511.
B24: Legenda: modré písmo = hodnoty převzaté ze zdroje; černé = vzorce; žlutá buňka = volba uživatele.

Sheet KRAJE_TSK
A1: NAZEV | B1: KOD_KRAJE | C1: TSK | D1: PODIL_TSK | E1: OBJ | F1: OBJ_PCT | G1: OBJ_NEZL | H1: OBJ_MLAD | I1: OBJ_DETI | J1: OBJ_RECID | K1: OBJ_CIZ | L1: OBJ_VLIV | M1: OBJ_ALK | N1: OBJ_FIRMA | O1: OBJ_DODAT | P1: OBJC | Q1: OBJC_NEZL | R1: OBJC_MLAD | S1: OBJC_DETI | T1: OBJC_RECID | U1: OBJC_CIZ | V1: OBJC_VLIV | W1: OBJC_ALK | X1: OBJC_FIRMA | Y1: SKODA_TIS | Z1: ZAJIST_TIS
A2: Hlavní město Praha | B2: =INDEX(CISELNIK!$B$2:$E$15,MATCH(A2,CISELNIK!$A$2:$A$15,0),MATCH(NAVOD!$C$5,CISELNIK!$B$1:$E$1,0)) -> CZ010 | C2: 3135 | D2: =IF(SUM($C$2:$C$15)=0,0,C2/SUM($C$2:$C$15)*100) -> 16.745006 | E2: 297 | F2: =IF(C2=0,0,E2/C2*100) -> 9.4736842 | G2: 0 | H2: 11 | I2: 11 | J2: 136 | K2: 113 | L2: 0 | M2: 0 | N2: 3 | O2: 323 | P2: 620 | Q2: 0 | R2: 15 | S2: 15 | T2: 315 | U2: 152 | V2: 0 | W2: 0 | X2: 4 | Y2: 1631025 | Z2: 123
A3: Středočeský kraj | B3: =INDEX(CISELNIK!$B$2:$E$15,MATCH(A3,CISELNIK!$A$2:$A$15,0),MATCH(NAVOD!$C$5,CISELNIK!$B$1:$E$1,0)) -> CZ020 | C3: 2639 | D3: =IF(SUM($C$2:$C$15)=0,0,C3/SUM($C$2:$C$15)*100) -> 14.095716 | E3: 108 | F3: =IF(C3=0,0,E3/C3*100) -> 4.0924593 | G3: 1 | H3: 2 | I3: 3 | J3: 47 | K3: 19 | L3: 0 | M3: 0 | N3: 2 | O3: 254 | P3: 362 | Q3: 2 | R3: 5 | S3: 7 | T3: 198 | U3: 37 | V3: 1 | W3: 0 | X3: 3 | Y3: 2228799 | Z3: 0
A4: Jihočeský kraj | B4: =INDEX(CISELNIK!$B$2:$E$15,MATCH(A4,CISELNIK!$A$2:$A$15,0),MATCH(NAVOD!$C$5,CISELNIK!$B$1:$E$1,0)) -> CZ031 | C4: 1192 | D4: =IF(SUM($C$2:$C$15)=0,0,C4/SUM($C$2:$C$15)*100) -> 6.3668411 | E4: 78 | F4: =IF(C4=0,0,E4/C4*100) -> 6.5436242 | G4: 2 | H4: 2 | I4: 4 | J4: 31 | K4: 6 | L4: 0 | M4: 0 | N4: 2 | O4: 88 | P4: 166 | Q4: 2 | R4: 4 | S4: 6 | T4: 88 | U4: 9 | V4: 0 | W4: 0 | X4: 2 | Y4: 306793 | Z4: 0
A5: Plzeňský kraj | B5: =INDEX(CISELNIK!$B$2:$E$15,MATCH(A5,CISELNIK!$A$2:$A$15,0),MATCH(NAVOD!$C$5,CISELNIK!$B$1:$E$1,0)) -> CZ032 | C5: 1092 | D5: =IF(SUM($C$2:$C$15)=0,0,C5/SUM($C$2:$C$15)*100) -> 5.8327102 | E5: 57 | F5: =IF(C5=0,0,E5/C5*100) -> 5.2197802 | G5: 0 | H5: 1 | I5: 1 | J5: 31 | K5: 6 | L5: 0 | M5: 0 | N5: 2 | O5: 102 | P5: 159 | Q5: 0 | R5: 2 | S5: 2 | T5: 105 | U5: 15 | V5: 0 | W5: 0 | X5: 3 | Y5: 278417 | Z5: 0
A6: Karlovarský kraj | B6: =INDEX(CISELNIK!$B$2:$E$15,MATCH(A6,CISELNIK!$A$2:$A$15,0),MATCH(NAVOD!$C$5,CISELNIK!$B$1:$E$1,0)) -> CZ041 | C6: 557 | D6: =IF(SUM($C$2:$C$15)=0,0,C6/SUM($C$2:$C$15)*100) -> 2.9751095 | E6: 17 | F6: =IF(C6=0,0,E6/C6*100) -> 3.0520646 | G6: 0 | H6: 0 | I6: 0 | J6: 8 | K6: 3 | L6: 0 | M6: 0 | N6: 0 | O6: 64 | P6: 81 | Q6: 0 | R6: 1 | S6: 1 | T6: 38 | U6: 11 | V6: 0 | W6: 0 | X6: 0 | Y6: 140920 | Z6: 0
A7: Ústecký kraj | B7: =INDEX(CISELNIK!$B$2:$E$15,MATCH(A7,CISELNIK!$A$2:$A$15,0),MATCH(NAVOD!$C$5,CISELNIK!$B$1:$E$1,0)) -> CZ042 | C7: 1196 | D7: =IF(SUM($C$2:$C$15)=0,0,C7/SUM($C$2:$C$15)*100) -> 6.3882064 | E7: 98 | F7: =IF(C7=0,0,E7/C7*100) -> 8.1939799 | G7: 1 | H7: 6 | I7: 7 | J7: 52 | K7: 8 | L7: 1 | M7: 0 | N7: 1 | O7: 129 | P7: 227 | Q7: 1 | R7: 9 | S7: 10 | T7: 139 | U7: 18 | V7: 2 | W7: 0 | X7: 2 | Y7: 320141 | Z7: 0
A8: Liberecký kraj | B8: =INDEX(CISELNIK!$B$2:$E$15,MATCH(A8,CISELNIK!$A$2:$A$15,0),MATCH(NAVOD!$C$5,CISELNIK!$B$1:$E$1,0)) -> CZ051 | C8: 819 | D8: =IF(SUM($C$2:$C$15)=0,0,C8/SUM($C$2:$C$15)*100) -> 4.3745326 | E8: 57 | F8: =IF(C8=0,0,E8/C8*100) -> 6.959707 | G8: 0 | H8: 0 | I8: 0 | J8: 34 | K8: 5 | L8: 0 | M8: 0 | N8: 0 | O8: 83 | P8: 140 | Q8: 0 | R8: 0 | S8: 0 | T8: 76 | U8: 12 | V8: 0 | W8: 0 | X8: 0 | Y8: 244571 | Z8: 0
A9: Královéhradecký kraj | B9: =INDEX(CISELNIK!$B$2:$E$15,MATCH(A9,CISELNIK!$A$2:$A$15,0),MATCH(NAVOD!$C$5,CISELNIK!$B$1:$E$1,0)) -> CZ052 | C9: 1034 | D9: =IF(SUM($C$2:$C$15)=0,0,C9/SUM($C$2:$C$15)*100) -> 5.5229142 | E9: 70 | F9: =IF(C9=0,0,E9/C9*100) -> 6.7698259 | G9: 0 | H9: 0 | I9: 0 | J9: 39 | K9: 7 | L9: 1 | M9: 0 | N9: 0 | O9: 92 | P9: 162 | Q9: 1 | R9: 4 | S9: 5 | T9: 102 | U9: 11 | V9: 1 | W9: 0 | X9: 1 | Y9: 280879 | Z9: 397
A10: Pardubický kraj | B10: =INDEX(CISELNIK!$B$2:$E$15,MATCH(A10,CISELNIK!$A$2:$A$15,0),MATCH(NAVOD!$C$5,CISELNIK!$B$1:$E$1,0)) -> CZ053 | C10: 753 | D10: =IF(SUM($C$2:$C$15)=0,0,C10/SUM($C$2:$C$15)*100) -> 4.0220062 | E10: 60 | F10: =IF(C10=0,0,E10/C10*100) -> 7.9681275 | G10: 0 | H10: 0 | I10: 0 | J10: 35 | K10: 4 | L10: 0 | M10: 0 | N10: 1 | O10: 86 | P10: 146 | Q10: 1 | R10: 1 | S10: 2 | T10: 92 | U10: 10 | V10: 0 | W10: 0 | X10: 1 | Y10: 220731 | Z10: 20
A11: Kraj Vysočina | B11: =INDEX(CISELNIK!$B$2:$E$15,MATCH(A11,CISELNIK!$A$2:$A$15,0),MATCH(NAVOD!$C$5,CISELNIK!$B$1:$E$1,0)) -> CZ063 | C11: 839 | D11: =IF(SUM($C$2:$C$15)=0,0,C11/SUM($C$2:$C$15)*100) -> 4.4813588 | E11: 64 | F11: =IF(C11=0,0,E11/C11*100) -> 7.6281287 | G11: 0 | H11: 0 | I11: 0 | J11: 25 | K11: 13 | L11: 0 | M11: 0 | N11: 1 | O11: 85 | P11: 149 | Q11: 0 | R11: 2 | S11: 2 | T11: 79 | U11: 24 | V11: 0 | W11: 0 | X11: 2 | Y11: 246754 | Z11: 0
A12: Jihomoravský kraj | B12: =INDEX(CISELNIK!$B$2:$E$15,MATCH(A12,CISELNIK!$A$2:$A$15,0),MATCH(NAVOD!$C$5,CISELNIK!$B$1:$E$1,0)) -> CZ064 | C12: 1828 | D12: =IF(SUM($C$2:$C$15)=0,0,C12/SUM($C$2:$C$15)*100) -> 9.7639141 | E12: 131 | F12: =IF(C12=0,0,E12/C12*100) -> 7.166302 | G12: 0 | H12: 2 | I12: 2 | J12: 63 | K12: 8 | L12: 1 | M12: 0 | N12: 3 | O12: 219 | P12: 350 | Q12: 0 | R12: 7 | S12: 7 | T12: 209 | U12: 20 | V12: 1 | W12: 0 | X12: 4 | Y12: 680039 | Z12: 0
A13: Olomoucký kraj | B13: =INDEX(CISELNIK!$B$2:$E$15,MATCH(A13,CISELNIK!$A$2:$A$15,0),MATCH(NAVOD!$C$5,CISELNIK!$B$1:$E$1,0)) -> CZ071 | C13: 963 | D13: =IF(SUM($C$2:$C$15)=0,0,C13/SUM($C$2:$C$15)*100) -> 5.1436812 | E13: 115 | F13: =IF(C13=0,0,E13/C13*100) -> 11.941848 | G13: 0 | H13: 9 | I13: 9 | J13: 76 | K13: 2 | L13: 1 | M13: 1 | N13: 0 | O13: 100 | P13: 215 | Q13: 0 | R13: 12 | S13: 12 | T13: 135 | U13: 13 | V13: 2 | W13: 1 | X13: 0 | Y13: 243953 | Z13: 285
... A15: Moravskoslezský kraj | B15: =INDEX(CISELNIK!$B$2:$E$15,MATCH(A15,CISELNIK!$A$2:$A$15,0),MATCH(NAVOD!$C$5,CISELNIK!$B$1:$E$1,0)) -> CZ080 | C15: 1868 | D15: =IF(SUM($C$2:$C$15)=0,0,C15/SUM($C$2:$C$15)*100) -> 9.9775665 | E15: 129 | F15: =IF(C15=0,0,E15/C15*100) -> 6.9057816 | G15: 0 | H15: 2 | I15: 2 | J15: 82 | K15: 5 | L15: 0 | M15: 0 | N15: 2 | O15: 180 | P15: 309 | Q15: 0 | R15: 4 | S15: 4 | T15: 206 | U15: 14 | V15: 0 | W15: 0 | X15: 3 | Y15: 454742 | Z15: 545

Sheet CISELNIK
A1: NAZEV | B1: KOD_NUTS3 | C1: KOD_CSU | D1: KOD_RUIAN | E1: KOD_ISO | F1: NAZEV_KRP | G1: CISLO_KRP | H1: LIST_ZDROJ
A2: Hlavní město Praha | B2: CZ010 | C2: 3018 | D2: 19 | E2: CZ-10 | F2: KŘP hl. m. Prahy | G2: 00 | H2: Praha
A3: Středočeský kraj | B3: CZ020 | C3: 3026 | D3: 27 | E3: CZ-20 | F3: KŘP Středočeského kraje | G3: 01 | H3: Středočeský
A4: Jihočeský kraj | B4: CZ031 | C4: 3034 | D4: 35 | E4: CZ-31 | F4: KŘP Jihočeského kraje | G4: 02 | H4: Jihočeský
A5: Plzeňský kraj | B5: CZ032 | C5: 3042 | D5: 43 | E5: CZ-32 | F5: KŘP Plzeňského kraje | G5: 03 | H5: Plzeňský
A6: Karlovarský kraj | B6: CZ041 | C6: 3051 | D6: 51 | E6: CZ-41 | F6: KŘP Karlovarského kraje | G6: 19 | H6: Karlovarský
A7: Ústecký kraj | B7: CZ042 | C7: 3069 | D7: 60 | E7: CZ-42 | F7: KŘP Ústeckého kraje | G7: 04 | H7: Ústecký
A8: Liberecký kraj | B8: CZ051 | C8: 3077 | D8: 78 | E8: CZ-51 | F8: KŘP Libereckého kraje | G8: 18 | H8: Liberecký
A9: Královéhradecký kraj | B9: CZ052 | C9: 3085 | D9: 86 | E9: CZ-52 | F9: KŘP Královéhradeckého kraje | G9: 05 | H9: Královéhradecký
A10: Pardubický kraj | B10: CZ053 | C10: 3093 | D10: 94 | E10: CZ-53 | F10: KŘP Pardubického kraje | G10: 17 | H10: Pardubický
A11: Kraj Vysočina | B11: CZ063 | C11: 3107 | D11: 108 | E11: CZ-63 | F11: KŘP kraje Vysočina | G11: 16 | H11: Vysočina
A12: Jihomoravský kraj | B12: CZ064 | C12: 3115 | D12: 116 | E12: CZ-64 | F12: KŘP Jihomoravského kraje | G12: 06 | H12: Jihomoravský
A13: Olomoucký kraj | B13: CZ071 | C13: 3123 | D13: 124 | E13: CZ-71 | F13: KŘP Olomouckého kraje | G13: 14 | H13: Olomoucký
... A15: Moravskoslezský kraj | B15: CZ080 | C15: 3140 | D15: 132 | E15: CZ-80 | F15: KŘP Moravskoslezského kraje | G15: 07 | H15: Moravskoslezský
A17: Vysvětlivky kódů:
A18: KOD_NUTS3 – CZ-NUTS 3 (text, např. CZ080); ve vrstvách ArcČR obvykle KOD_CZNUTS3 / NUTS3_KOD.
A19: KOD_CSU – kód kraje dle číselníku ČSÚ (číslo, např. 3140); ve vrstvách ArcČR obvykle KOD_KRAJ.
A20: KOD_RUIAN – kód VÚSC v RÚIAN (číslo, např. 132); ve vrstvách z RÚIAN pole KOD / VUSC_KOD.
A21: KOD_ISO – ISO 3166-2 (text, např. CZ-80).
A22: NAZEV_KRP, CISLO_KRP – krajské ředitelství policie a jeho číslo v hlavičce policejní sestavy.
A23: LIST_ZDROJ – název listu ve zdrojovém souboru Policie ČR, odkud jsou data převzata.

Sheet POPIS_SLOUPCU
A1: POLE | B1: PŮVODNÍ SLOUPEC / VÝZNAM | C1: ZDROJ
A2: NAZEV | B2: Název kraje | C2: CISELNIK
A3: KOD_KRAJE | B3: Kód kraje podle typu zvoleného na listu NAVOD (C5) | C3: vzorec (CISELNIK)
A4: TSK | B4: REGISTROVÁNO – počet registrovaných skutků | C4: Policie ČR, sloupec C
A5: PODIL_TSK | B5: Podíl kraje na součtu TSK za 14 krajů v % (vzorec) | C5: vzorec
A6: OBJ | B6: OBJASNĚNO – počet (z registrovaných v roce) | C6: Policie ČR, sloupec D
A7: OBJ_PCT | B7: OBJASNĚNO – objasněnost v % (vzorec OBJ/TSK×100; zdroj uvádí jako zlomek) | C7: vzorec
A8: OBJ_NEZL | B8: OBJASNĚNO – spácháno nezletilými 1–14 let | C8: Policie ČR, sloupec F
A9: OBJ_MLAD | B9: OBJASNĚNO – spácháno mladistvými 15–17 let | C9: Policie ČR, sloupec G
A10: OBJ_DETI | B10: OBJASNĚNO – spácháno dětmi 1–17 let (není součtem nezl.+mlad.) | C10: Policie ČR, sloupec H
A11: OBJ_RECID | B11: OBJASNĚNO – spácháno opakovaně trestanými osobami | C11: Policie ČR, sloupec I
A12: OBJ_CIZ | B12: OBJASNĚNO – spácháno cizinci | C12: Policie ČR, sloupec J
... A27: ZAJIST_TIS | B27: Zajištěné hodnoty na místě TČ v tisících Kč | C27: Policie ČR, sloupec Y
